
INSERT INTO trader(First_Name,Last_Name,Gender,Date_Of_Birth,Address,Phone,Category,Service_Type,Product_Sold,email)
VALUES
('ALICE','BANGURA','F','16 SEPTEMBER 2001','14 ALICE LANE','077 148148','TRADER RESGISTRATION','FRUIT TRADER','MANGOE','ATURAY@gmail.com'),
('MARY','GOLDSTEIN','F','17 OCTOBER 2000','15 MARK STREET','088 888888','TRADER RESGISTRATION','MENS CLOTHING','CLOTHING TRADER','GOLDSTEIN@gmail.com'),
('BRUCE','WAYNE','M','18 OCTOBER 1998','16 BAT STREET','099 111111','TRADER RESGISTRATION','ELECTRONICS TRADER','PHONE CHARGER','WAYNE@gmail.com'),
('TONY','STARK','M','19 FEBRUARY 1990','111 SUP LANE','078123456','TRADER RESGISTRATION','COMESTIC TRADER','LOTION','TSTARK@gmail.com')
('SARAH', 'CONNOR', 'F', '12 MAY 1985', '22 TERMINATOR WAY', '076 555444', 'TRADER REGISTRATION', 'HARDWARE TRADER', 'TOOLS', 'SCONNOR@gmail.com'),
('MOHAMED', 'KAMARA', 'M', '05 AUGUST 1993', '45 KABALA ROAD', '075 234567', 'TRADER REGISTRATION', 'PROVISION TRADER', 'RICE', 'MKAMARA@gmail.com'),
('FATMATA', 'SESAY', 'F', '22 DECEMBER 1995', '7 WILBERFORCE ST', '030 444555', 'TRADER REGISTRATION', 'VEGETABLE TRADER', 'ONIONS', 'FSESAY@gmail.com'),
('CLARK', 'KENT', 'M', '18 JUNE 1980', '34 METROPOLIS RD', '077 999111', 'TRADER REGISTRATION', 'BOOK TRADER', 'NEWSPAPERS', 'CKENT@gmail.com'),
('PETER', 'PARKER', 'M', '10 AUGUST 2001', '20 QUEENS ST', '088 123987', 'TRADER REGISTRATION', 'ELECTRONICS TRADER', 'CAMERAS', 'PPARKER@gmail.com'),
('DIANA', 'PRINCE', 'F', '07 SEPTEMBER 1988', '1 THEMISYRA WAY', '099 777777', 'TRADER REGISTRATION', 'JEWELRY TRADER', 'BRACELETS', 'DPRINCE@gmail.com'),
('SAMUEL', 'CONTEH', 'M', '14 MARCH 1992', '88 GODERICH ST', '076 111222', 'TRADER REGISTRATION', 'FISH TRADER', 'DRIED FISH', 'SCONTEH@gmail.com'),
('AMINATA', 'MANSARRAY', 'F', '25 JANUARY 1997', '12 KISSY ROAD', '078 888999', 'TRADER REGISTRATION', 'COSMETIC TRADER', 'HAIR EXTENSIONS', 'AMANS@gmail.com'),
('BARRY', 'ALLEN', 'M', '14 MARCH 1994', '55 CENTRAL CITY', '075 444333', 'TRADER REGISTRATION', 'FOOTWEAR TRADER', 'SNEAKERS', 'BALLEN@gmail.com'),
('WANDA', 'MAXIMOFF', 'F', '10 FEBRUARY 1999', '19 SOKOVIA BLVD', '030 777888', 'TRADER REGISTRATION', 'CLOTHING TRADER', 'FABRICS', 'WANDA@gmail.com'),
('ALUSINE', 'BARRIE', 'M', '03 JULY 2002', '66 LUMLEY BEACH RD', '077 333444', 'TRADER REGISTRATION', 'BEVERAGE TRADER', 'SOFT DRINKS', 'ABARRIE@gmail.com'),
('ZAINAB', 'TURAY', 'F', '11 NOVEMBER 1996', '102 SIERRA LEONE ST', '088 555666', 'TRADER REGISTRATION', 'FRUIT TRADER', 'BANANAS', 'ZTURAY@gmail.com'),
('LOGAN', 'HOWLETT', 'M', '01 JANUARY 1890', '99 WILDERNESS RD', '076 666666', 'TRADER REGISTRATION', 'HARDWARE TRADER', 'SCRAP METAL', 'WOLVERINE@gmail.com'),
('NATASHA', 'ROMANOFF', 'F', '22 NOVEMBER 1984', '42 SPY LANE', '078 007007', 'TRADER REGISTRATION', 'CLOTHING TRADER', 'JACKETS', 'NATTY@gmail.com');

INSERT INTO market(Market_Name,Market_Location)
VALUES
('COMETICS BLOCK','14 GINE LANE'),
('TECH BLOCK','91 PINE STREET'),
('FOOD/FRUITS BLOCK','CORNER STREET'),
('CLOTHING BLOCK','ISHA LANE'),
('HARDWARE BLOCK', '22 TERMINATOR WAY'),
('PROVISION BLOCK', '45 KABALA ROAD'),
('VEGETABLE  BLOCK', '7 WILBERFORCE ST'),
('BOOKS & STATIONERY BLOCK', '34 METROPOLIS RD'),
('ELECTRONICS  BLOCK', '20 QUEENS ST'),
('JEWELRY BLOCK', '1 THEMISYRA WAY'),
('FISH MARKET BLOCK', '88 GODERICH ST'),
('COSMETIC & HAIR BLOCK', '12 KISSY ROAD'),
('FOOTWEAR BLOCK', '55 CENTRAL CITY'),
('TEXTILE & CLOTHING BLOCK', '19 SOKOVIA BLVD'),
('BEVERAGE BLOCK', '66 LUMLEY BEACH RD'),
('FRUITBLOCK', '102 SIERRA LEONE ST'),
('HARDWARE BLOCK', '99 WILDERNESS RD'),
('CLOTHING BLOCK', '42 SPY LANE'),
('GRAIN & CORN BLOCK', '15 FREETOWN ROAD'),
('SPORTS EQUIPMENT BLOCK', '1945 BROOKLYN AVE');

INSERT INTO local_council_staff(First_Name,Last_Name,Role,Phone,Email,GENDER,Address)
VALUES
('GEORGE','SMITH','Cleanliness and Sanitation','078777777','SMITH@gmail.com','M','14 SIM STREET'),
('MAZIKEN','CHLOE','Customer and Trader Support','075777777','CHLOE@gmail.com','F','WILLBERFORCE'),
('AISHA','PRIDON','Stall Allocation and Management','077777777','PRIDON@gmail.com','F','14 LUMLY'),
('LUKE', 'SKYWALKER', 'Market Security Officer', '076 123456', 'LUKE@gmail.com', 'M', '22 TATOOINE LANE'),
('MARIAMA', 'BANGURA', 'Revenue and Tax Collector', '075 987654', 'MBANGURA@gmail.com', 'F', '45 KONGONY ST'),
('AMADU', 'BAH', 'Waste Management Coordinator', '077 222333', 'ABAH@gmail.com', 'M', '88 CALABA TOWN'),
('DIANA', 'PRINCE', 'Enforcement and Compliance Officer', '088 444555', 'DPRINCE.COUNCIL@gmail.com', 'F', '1 AMASON RD'),
('BRUCE', 'BANNER', 'Health and Safety Inspector', '030 111222', 'BBANNER@gmail.com', 'M', '77 GAMMA DR'),
('TENNEH', 'CONTEH', 'Trader Dispute Mediator', '076 333888', 'TCONTEH@gmail.com', 'F', '12 KISSY DOCKYARD'),
('MOHAMED', 'SANKOH', 'Infrastructure and Maintenance', '078 555111', 'MSANKOH@gmail.com', 'M', '34 CLINE TOWN'),
('SELINA', 'KYLE', 'Licensing and Registration Officer', '099 666999', 'SKYLE@gmail.com', 'F', '9 GOTHAM WAY'),
('IBRAHIM', 'KAMARA', 'Market Supervisor', '075 333444', 'IKAMARA@gmail.com', 'M', '5 PADEMBA ROAD'),
('FATMATA', 'KOROMA', 'Public Relations and Communication', '077 888111', 'FKOROMA@gmail.com', 'F', '19 CAMPBELL ST'),
('ARTHUR', 'DENT', 'Planning and Development Officer', '030 424242', 'ADENT@gmail.com', 'M', '42 GALAXY LANE'),
('ZAINAB', 'SOW', 'Financial Auditor', '088 777222', 'ZSOW@gmail.com', 'F', '62 BROOKFIELDS'),
('KAPRIE', 'SESAY', 'Logistics and Supply Officer', '076 555999', 'KSESAY@gmail.com', 'M', '11 REGENT RD'),
('ELLA', 'PESCH', 'Legal Advisor', '078 222888', 'EPESCH@gmail.com', 'F', '15 SANDERS ST'),
('SAMUEL', 'MARRAH', 'Information Technology Specialist', '075 666111', 'SMARRAH@gmail.com', 'M', '23 WILKINSON RD'),
('ALIMAMY', 'TURAY', 'Chief Administrative Officer', '077 000111', 'ATURAY.COUNCIL@gmail.com', 'M', '100 WALLACE JOHNSON ST'),
 ('PETER', 'PARKER', 'Assistant Market Inspector', '076 999888', 'PPARKER.COUNCIL@gmail.com', 'M', '8 COCONUT DRIVE');

INSERT INTO market_stall(Market_ID,Stall_Code,Stall_Status,Category,trader_ID,Stall_Size)
VALUES
(1,'04G18','VALID','FOOD AND PRODUCE',1,5000),
(2,'9L67','VALID','FASHION',2,1000),
(3,'04G18','VALID','ELECTRONICS',3,15000),
(4, '11S04', 'VALID', 'COSMETICS',4, 2000),
(5, '22T10', 'VALID', 'HARDWARE',5, 8000),
(6, '45K02', 'VALID', 'FOOD AND PRODUCE',6, 4500),
(7, '07W11', 'VALID', 'VEGETABLES', 7,1200),
(8, '34M05', 'VALID', 'BOOKS & STATIONERY',8,3500),
(9, '20Q88', 'VALID', 'ELECTRONICS',9, 6000),
(10, '01T09', 'VALID', 'JEWELRY', 10,1500),
(11, '88G14', 'VALID', 'FISH MARKET',11,  3000),
(12, '12K55', 'VALID', 'COSMETICS', 12,2500),
(13, '55C22', 'VALID', 'FASHION',13,4000),
(14, '19S40', 'VALID', 'FASHION', 14,5500),
(15, '66L03', 'VALID', 'BEVERAGES',15,3200),
(16, '102S1', 'VALID', 'FOOD AND PRODUCE',16,200),
(17, '99W12', 'VALID', 'HARDWARE', 17,9000),
(18, '42S07', 'VALID', 'FASHION',18,1800),
(19, '15F99', 'VALID', 'FOOD AND PRODUCE',19,7500),
(20, '1945B', 'VALID', 'SPORTS EQUIPMENT',20,5000);


INSERT INTO stall_allocation(trader_ID,market_stall_ID,staff_ID,Start_Date,Expiry_Date,Allocation_Status)
VALUES
(1,2,3,'2026-06-05 01:25:19','2027-06-05 01:26:14','ALLOCATED'),
(2,3,1,'2020-09-05 01:26:49','2021-09-05 01:27:42','ALLOCATED'),
(3,1,2,'2024-03-24 01:28:01','2026-03-24 01:28:00','ALLOCATED'),
(4,4,3,'2026-01-10 09:00:00','2027-01-10 18:00:00','ALLOCATED'),
(5,5,1,'2026-02-15 10:30:22','2027-02-15 10:30:22','ALLOCATED'),
(6,6,2,'2026-03-01 08:15:00','2026-09-01 17:00:00','ALLOCATED'),
(7,7,3,'2026-03-12 11:45:10','2027-03-12 11:45:10','ALLOCATED'),
(8,8,1,'2026-04-19 14:20:00','2026-10-19 14:20:00','ALLOCATED'),
(9,9,2,'2026-05-01 06:00:00','2027-05-01 06:00:00','ALLOCATED'),
(10,10,3,'2026-05-20 13:10:45','2026-11-20 13:10:45','ALLOCATED'),
(11,11,1,'2026-06-01 07:30:00','2027-06-01 07:30:00','ALLOCATED'),
(12,12,2,'2026-06-02 12:00:00','2026-12-02 12:00:00','ALLOCATED'),
(13,13,3,'2026-06-04 15:45:30','2027-06-04 15:45:30','ALLOCATED'),
(14,14,1,'2026-06-06 09:15:00','2026-08-06 09:15:00','ALLOCATED'),
(15,15,2,'2026-06-08 10:00:00','2027-06-08 10:00:00','ALLOCATED'),
(16,16,3,'2026-06-09 16:30:25','2026-12-09 16:30:25','ALLOCATED'),
(17,17,1,'2026-06-10 11:00:00','2027-06-10 11:00:00','ALLOCATED'),
(18,18,2,'2026-06-12 08:00:00','2026-09-12 18:00:00','ALLOCATED'),
(19,19,3,'2026-06-15 14:00:00','2027-06-15 14:00:00','ALLOCATED'),
(20,20,1,'2026-06-20 10:45:00','2026-12-20 10:45:00','ALLOCATED');

INSERT INTO registration_records (stall_allocation_ID, Registration_Date, Registration_Status)
VALUES 
(1, '2026-08-07 03:07:02', 'APPROVED'),
(2, '2026-08-07 03:07:02', 'APPROVED'),
(3, '2026-08-07 03:15:22', 'APPROVED'),
(4, '2026-08-07 03:22:10', 'PENDING'),
(5, '2026-08-07 03:45:00', 'APPROVED'),
(6, '2026-08-07 04:01:15', 'APPROVED'),
(7, '2026-08-07 04:12:30', 'REJECTED'),
(8, '2026-08-07 04:30:55', 'APPROVED'),
(9, '2026-08-07 05:00:12', 'APPROVED'),
(10, '2026-08-07 05:18:40', 'PENDING'),
(11, '2026-08-07 05:45:22', 'APPROVED'),
(12, '2026-08-07 06:02:05', 'APPROVED'),
(13, '2026-08-07 06:20:11', 'APPROVED'),
(14, '2026-08-07 06:55:34', 'REJECTED'),
(15, '2026-08-07 07:10:00', 'APPROVED'),
(16, '2026-08-07 07:30:15', 'APPROVED'),
(17, '2026-08-07 07:42:03', 'PENDING'),
(18, '2026-08-07 08:05:50', 'APPROVED'),
(19, '2026-08-07 08:19:11', 'APPROVED'),
(20, '2026-08-07 08:40:25', 'APPROVED');

INSERT INTO payment_records (stall_allocation_ID, Paid_Amount, Method_of_Payment, Payment_Status, Payment_Date, Reciept_Code)
VALUES
(1, 60.00, 'CASH', 'PAID SUCCESSFUL', '2026-12-09 03:29:03', '232323'),
(2, 600.00, 'CASH', 'PAID SUCCESSFUL', '2026-01-04 03:29:13', '23902323'),
(3, 150.00, 'CREDIT_CARD', 'PAID SUCCESSFUL', '2026-01-05 09:15:22', '23902324'),
(4, 200.00, 'DEBIT_CARD', 'PAID SUCCESSFUL', '2026-01-05 10:42:01', '23902325'),
(5, 60.00, 'CASH', 'PENDING', '2026-01-06 14:22:18', '23902326'),
(6, 350.00, 'BANK_TRANSFER', 'PAID SUCCESSFUL', '2026-01-06 16:05:40', '23902327'),
(7, 450.00, 'CREDIT_CARD', 'FAILED', '2026-01-07 11:12:09', '23902328'),
(8, 60.00, 'CASH', 'PAID SUCCESSFUL', '2026-01-07 12:30:55', '23902329'),
(9, 120.00, 'DEBIT_CARD', 'PAID SUCCESSFUL', '2026-01-08 08:45:12', '23902330'),
(10, 600.00, 'BANK_TRANSFER', 'PAID SUCCESSFUL', '2026-01-08 15:19:34', '23902331'),
(11, 180.00, 'CASH', 'PAID SUCCESSFUL', '2026-01-09 10:02:50', '23902332'),
(12, 60.00, 'CREDIT_CARD', 'PAID SUCCESSFUL', '2026-01-09 13:14:22', '23902333'),
(13, 250.00, 'DEBIT_CARD', 'PENDING', '2026-01-10 11:55:03', '23902334'),
(14, 600.00, 'BANK_TRANSFER', 'PAID SUCCESSFUL', '2026-01-10 17:40:11', '23902335'),
(15, 90.00, 'CASH', 'PAID SUCCESSFUL', '2026-01-11 09:22:30', '23902336'),
(16, 150.00, 'CREDIT_CARD', 'FAILED', '2026-01-11 14:01:55', '23902337'),
(17, 60.00, 'CASH', 'PAID SUCCESSFUL', '2026-01-12 10:30:12', '23902338'),
(18, 300.00, 'DEBIT_CARD', 'PAID SUCCESSFUL', '2026-01-12 16:18:47', '23902339'),
(19, 600.00, 'BANK_TRANSFER', 'PAID SUCCESSFUL', '2026-01-13 11:05:22', '23902340'),
(20, 120.00, 'CREDIT_CARD', 'PAID SUCCESSFUL', '2026-01-13 13:50:00', '23902341');

INSERT INTO complaint (TYPE, STATUS, DATE_REPORTED, DATE_SOLVED, TRADER_ID, STAFF_ID)
VALUES
('billing', 'resolved', '2020-09-26', '2020-09-28', 1, 2),
('technical issue', 'resolved', '2026-10-23', '2026-10-24', 2, 2),
('maintenance', 'resolved', '2026-10-24', '2026-10-25', 3, 1),
('billing', 'open', '2026-10-25', NULL, 4, 3),
('facility damage', 'resolved', '2026-10-25', '2026-10-27', 5, 2),
('technical issue', 'in-progress', '2026-10-26', NULL, 6, 1),
('security', 'resolved', '2026-10-26', '2026-10-26', 7, 4),
('billing', 'resolved', '2026-10-27', '2026-10-29', 8, 2),
('maintenance', 'open', '2026-10-27', NULL, 9, 3),
('technical issue', 'resolved', '2026-10-28', '2026-10-28', 10, 1),
('cleanliness', 'resolved', '2026-10-28', '2026-10-29', 11, 4),
('billing', 'in-progress', '2026-10-29', NULL, 12, 2),
('facility damage', 'resolved', '2026-10-29', '2026-10-31', 13, 3),
('security', 'resolved', '2026-10-30', '2026-10-30', 14, 4),
('technical issue', 'open', '2026-10-30', NULL, 15, 1),
('maintenance', 'resolved', '2026-10-31', '2026-11-01', 16, 2),
('billing', 'resolved', '2026-11-01', '2026-11-02', 17, 3),
('cleanliness', 'resolved', '2026-11-01', '2026-11-02', 18, 4),
('technical issue', 'in-progress', '2026-11-02', NULL, 19, 1),
('maintenance', 'resolved', '2026-11-02', '2026-11-03', 20, 2);




